feature,importance
num__daily_screen_time_hours,0.3627978
num__social_media_hours,0.16117187
num__weekend_screen_time,0.13896967
num__notifications_per_day,0.045758747
num__app_opens_per_day,0.043757044
num__missingindicator_social_media_hours,0.043591484
num__missingindicator_weekend_screen_time,0.024147017
num__missingindicator_daily_screen_time_hours,0.022446042
num__work_study_hours,0.022283541
num__gaming_hours,0.019251214
num__missingindicator_notifications_per_day,0.018451804
num__missingindicator_work_study_hours,0.015814265
num__missingindicator_gaming_hours,0.014998276
num__age,0.011845264
num__sleep_hours,0.00831923
num__missingindicator_age,0.0047520935
cat__gender_Male,0.004394735
cat__stress_level_Medium,0.0036789596
cat__academic_work_impact_Missing,0.003600997
num__missingindicator_sleep_hours,0.0035495781
cat__gender_Missing,0.0032536266
cat__academic_work_impact_No,0.00309894
cat__stress_level_Missing,0.0030033418
cat__stress_level_High,0.00300301
num__missingindicator_app_opens_per_day,0.0029606905
cat__gender_Other,0.002902841
cat__gender_Female,0.0027732027
cat__stress_level_Low,0.002751447
cat__academic_work_impact_Yes,0.0026732371
